key,value
ISO3,NPL
HDR Country Name,Nepal
Human Development Groups,Medium
UNDP Developeing Regions,SA
HDI Rank (2021),143
Human Development Index (value) (1990),.399
Human Development Index (value) (1991),.408
Human Development Index (value) (1992),.416
Human Development Index (value) (1993),.421
Human Development Index (value) (1994),.428
Human Development Index (value) (1995),.433
Human Development Index (value) (1996),.442
Human Development Index (value) (1997),.449
Human Development Index (value) (1998),.455
Human Development Index (value) (1999),.461
Human Development Index (value) (2000),.467
Human Development Index (value) (2001),.469
Human Development Index (value) (2002),.476
Human Development Index (value) (2003),.482
Human Development Index (value) (2004),.489
Human Development Index (value) (2005),.495
Human Development Index (value) (2006),.505
Human Development Index (value) (2007),.509
Human Development Index (value) (2008),.518
Human Development Index (value) (2009),.53
Human Development Index (value) (2010),.543
Human Development Index (value) (2011),.553
Human Development Index (value) (2012),.5610000000000001
Human Development Index (value) (2013),.57
Human Development Index (value) (2014),.576
Human Development Index (value) (2015),.579
Human Development Index (value) (2016),.586
Human Development Index (value) (2017),.594
Human Development Index (value) (2018),.601
Human Development Index (value) (2019),.611
Human Development Index (value) (2020),.604
Human Development Index (value) (2021),.602
Life Expectancy at Birth (years) (1990),54.8333
Life Expectancy at Birth (years) (1991),55.7116
Life Expectancy at Birth (years) (1992),56.7101
Life Expectancy at Birth (years) (1993),57.6189
Life Expectancy at Birth (years) (1994),58.5535
Life Expectancy at Birth (years) (1995),59.3175
Life Expectancy at Birth (years) (1996),59.981
Life Expectancy at Birth (years) (1997),60.7706
Life Expectancy at Birth (years) (1998),61.5493
Life Expectancy at Birth (years) (1999),62.1132
Life Expectancy at Birth (years) (2000),62.6145
Life Expectancy at Birth (years) (2001),63.3362
Life Expectancy at Birth (years) (2002),63.2638
Life Expectancy at Birth (years) (2003),64.1966
Life Expectancy at Birth (years) (2004),64.8177
Life Expectancy at Birth (years) (2005),65.45659999999999
Life Expectancy at Birth (years) (2006),65.8685
Life Expectancy at Birth (years) (2007),66.3288
Life Expectancy at Birth (years) (2008),66.4207
Life Expectancy at Birth (years) (2009),66.76090000000001
Life Expectancy at Birth (years) (2010),66.8138
Life Expectancy at Birth (years) (2011),67.313
Life Expectancy at Birth (years) (2012),67.47
Life Expectancy at Birth (years) (2013),67.96510000000001
Life Expectancy at Birth (years) (2014),68.0855
Life Expectancy at Birth (years) (2015),67.4562
Life Expectancy at Birth (years) (2016),68.7758
Life Expectancy at Birth (years) (2017),68.90989999999999
Life Expectancy at Birth (years) (2018),68.9786
Life Expectancy at Birth (years) (2019),69.55759999999999
Life Expectancy at Birth (years) (2020),69.2456
Life Expectancy at Birth (years) (2021),68.4495
Expected Years of Schooling (years) (1990),7.460750103
Expected Years of Schooling (years) (1991),7.641940117
Expected Years of Schooling (years) (1992),7.887959957
Expected Years of Schooling (years) (1993),7.897469997
Expected Years of Schooling (years) (1994),7.933139801
Expected Years of Schooling (years) (1995),7.999619961
Expected Years of Schooling (years) (1996),8.382760048
Expected Years of Schooling (years) (1997),8.526877642000001
Expected Years of Schooling (years) (1998),8.670995234999999
Expected Years of Schooling (years) (1999),8.815112829
Expected Years of Schooling (years) (2000),8.959230422999999
Expected Years of Schooling (years) (2001),8.564680099
Expected Years of Schooling (years) (2002),9.161899567000001
Expected Years of Schooling (years) (2003),9.225540161
Expected Years of Schooling (years) (2004),9.354125023
Expected Years of Schooling (years) (2005),9.482709885
Expected Years of Schooling (years) (2006),9.945119858
Expected Years of Schooling (years) (2007),9.976340294
Expected Years of Schooling (years) (2008),10.40861034
Expected Years of Schooling (years) (2009),11.06719017
Expected Years of Schooling (years) (2010),11.92319012
Expected Years of Schooling (years) (2011),12.39546967
Expected Years of Schooling (years) (2012),12.53003502
Expected Years of Schooling (years) (2013),12.66460037
Expected Years of Schooling (years) (2014),12.59261036
Expected Years of Schooling (years) (2015),12.65250969
Expected Years of Schooling (years) (2016),12.61919975
Expected Years of Schooling (years) (2017),12.75613022
Expected Years of Schooling (years) (2018),12.95372534
Expected Years of Schooling (years) (2019),13.15132046
Expected Years of Schooling (years) (2020),12.88694954
Expected Years of Schooling (years) (2021),12.88694954
Mean Years of Schooling (years) (1990),2.346687263
Mean Years of Schooling (years) (1991),2.397803223
Mean Years of Schooling (years) (1992),2.448919183
Mean Years of Schooling (years) (1993),2.500035143
Mean Years of Schooling (years) (1994),2.551151103
Mean Years of Schooling (years) (1995),2.602267063
Mean Years of Schooling (years) (1996),2.632471949
Mean Years of Schooling (years) (1997),2.662676835
Mean Years of Schooling (years) (1998),2.69288172
Mean Years of Schooling (years) (1999),2.723086606
Mean Years of Schooling (years) (2000),2.753291491
Mean Years of Schooling (years) (2001),2.853199959
Mean Years of Schooling (years) (2002),2.920027971
Mean Years of Schooling (years) (2003),2.986855984
Mean Years of Schooling (years) (2004),3.053683996
Mean Years of Schooling (years) (2005),3.120512009
Mean Years of Schooling (years) (2006),3.187340021
Mean Years of Schooling (years) (2007),3.254168034
Mean Years of Schooling (years) (2008),3.320996046
Mean Years of Schooling (years) (2009),3.387824059
Mean Years of Schooling (years) (2010),3.454652071
Mean Years of Schooling (years) (2011),3.521480083
Mean Years of Schooling (years) (2012),3.765092035
Mean Years of Schooling (years) (2013),4.008703987
Mean Years of Schooling (years) (2014),4.252315939
Mean Years of Schooling (years) (2015),4.495927891
Mean Years of Schooling (years) (2016),4.652394104
Mean Years of Schooling (years) (2017),4.808860316
Mean Years of Schooling (years) (2018),4.965326529
Mean Years of Schooling (years) (2019),5.121792742
Mean Years of Schooling (years) (2020),5.121792742
Mean Years of Schooling (years) (2021),5.121792742
Gross National Income Per Capita (2017 PPP$) (1990),1575.826344
Gross National Income Per Capita (2017 PPP$) (1991),1631.574714
Gross National Income Per Capita (2017 PPP$) (1992),1653.737712
Gross National Income Per Capita (2017 PPP$) (1993),1672.233026
Gross National Income Per Capita (2017 PPP$) (1994),1763.233102
Gross National Income Per Capita (2017 PPP$) (1995),1783.66261
Gross National Income Per Capita (2017 PPP$) (1996),1821.387854
Gross National Income Per Capita (2017 PPP$) (1997),1879.462091
Gross National Income Per Capita (2017 PPP$) (1998),1901.426337
Gross National Income Per Capita (2017 PPP$) (1999),1970.991283
Gross National Income Per Capita (2017 PPP$) (2000),2059.380974
Gross National Income Per Capita (2017 PPP$) (2001),2148.810339
Gross National Income Per Capita (2017 PPP$) (2002),2107.622234
Gross National Income Per Capita (2017 PPP$) (2003),2159.663612
Gross National Income Per Capita (2017 PPP$) (2004),2226.863661
Gross National Income Per Capita (2017 PPP$) (2005),2288.402282
Gross National Income Per Capita (2017 PPP$) (2006),2346.857643
Gross National Income Per Capita (2017 PPP$) (2007),2403.790656
Gross National Income Per Capita (2017 PPP$) (2008),2521.875782
Gross National Income Per Capita (2017 PPP$) (2009),2620.303562
Gross National Income Per Capita (2017 PPP$) (2010),2722.899691
Gross National Income Per Capita (2017 PPP$) (2011),2805.960198
Gross National Income Per Capita (2017 PPP$) (2012),2942.388751
Gross National Income Per Capita (2017 PPP$) (2013),3053.149939
Gross National Income Per Capita (2017 PPP$) (2014),3263.276741
Gross National Income Per Capita (2017 PPP$) (2015),3376.943746
Gross National Income Per Capita (2017 PPP$) (2016),3356.592607
Gross National Income Per Capita (2017 PPP$) (2017),3601.108877
Gross National Income Per Capita (2017 PPP$) (2018),3798.135482
Gross National Income Per Capita (2017 PPP$) (2019),3994.226959
Gross National Income Per Capita (2017 PPP$) (2020),3844.117012
Gross National Income Per Capita (2017 PPP$) (2021),3877.315444
GDI Group (2021),3
Gender Development Index (value) (1990),.706
Gender Development Index (value) (1991),.721
Gender Development Index (value) (1992),.728
Gender Development Index (value) (1993),.739
Gender Development Index (value) (1994),.748
Gender Development Index (value) (1995),.756
Gender Development Index (value) (1996),.766
Gender Development Index (value) (1997),.776
Gender Development Index (value) (1998),.788
Gender Development Index (value) (1999),.772
Gender Development Index (value) (2000),.805
Gender Development Index (value) (2001),.8149999999999999
Gender Development Index (value) (2002),.826
Gender Development Index (value) (2003),.833
Gender Development Index (value) (2004),.843
Gender Development Index (value) (2005),.852
Gender Development Index (value) (2006),.863
Gender Development Index (value) (2007),.87
Gender Development Index (value) (2008),.866
Gender Development Index (value) (2009),.884
Gender Development Index (value) (2010),.902
Gender Development Index (value) (2011),.91
Gender Development Index (value) (2012),.918
Gender Development Index (value) (2013),.927
Gender Development Index (value) (2014),.9340000000000001
Gender Development Index (value) (2015),.9379999999999999
Gender Development Index (value) (2016),.9419999999999999
Gender Development Index (value) (2017),.931
Gender Development Index (value) (2018),.946
Gender Development Index (value) (2019),.949
Gender Development Index (value) (2020),.9409999999999999
Gender Development Index (value) (2021),.9419999999999999
HDI female (1990),.3253199888971945
HDI female (1991),.3364375583192512
HDI female (1992),.3448025471178894
HDI female (1993),.3536738038508321
HDI female (1994),.3639331615377977
HDI female (1995),.3716657202841195
HDI female (1996),.3798650320579443
HDI female (1997),.3890023713566002
HDI female (1998),.3977684129221158
HDI female (1999),.3976020427809691
HDI female (2000),.4142184351395685
HDI female (2001),.42429752447754
HDI female (2002),.4287196109082209
HDI female (2003),.4368221388150021
HDI female (2004),.4461800176121394
HDI female (2005),.4549353154793461
HDI female (2006),.4672893329037988
HDI female (2007),.4758800943774954
HDI female (2008),.4806232486720372
HDI female (2009),.4981303921427175
HDI female (2010),.5162730798657679
HDI female (2011),.528180183333687
HDI female (2012),.5383658067213402
HDI female (2013),.5495283462684306
HDI female (2014),.5584301135023668
HDI female (2015),.5620981946572001
HDI female (2016),.5695621602391008
HDI female (2017),.5738101540780335
HDI female (2018),.5855865817690807
HDI female (2019),.5955247892297605
HDI female (2020),.5868359847136314
HDI female (2021),.5843641721225924
"Life Expectancy at Birth, female (years) (1990)",54.8591
"Life Expectancy at Birth, female (years) (1991)",55.9667
"Life Expectancy at Birth, female (years) (1992)",56.9557
"Life Expectancy at Birth, female (years) (1993)",58.1625
"Life Expectancy at Birth, female (years) (1994)",59.2207
"Life Expectancy at Birth, female (years) (1995)",60.0647
"Life Expectancy at Birth, female (years) (1996)",60.907
"Life Expectancy at Birth, female (years) (1997)",61.8552
"Life Expectancy at Birth, female (years) (1998)",62.9632
"Life Expectancy at Birth, female (years) (1999)",63.5064
"Life Expectancy at Birth, female (years) (2000)",64.0784
"Life Expectancy at Birth, female (years) (2001)",64.9516
"Life Expectancy at Birth, female (years) (2002)",65.2606
"Life Expectancy at Birth, female (years) (2003)",66.0949
"Life Expectancy at Birth, female (years) (2004)",66.83369999999999
"Life Expectancy at Birth, female (years) (2005)",67.46469999999999
"Life Expectancy at Birth, female (years) (2006)",67.7867
"Life Expectancy at Birth, female (years) (2007)",68.2098
"Life Expectancy at Birth, female (years) (2008)",68.22150000000001
"Life Expectancy at Birth, female (years) (2009)",68.5763
"Life Expectancy at Birth, female (years) (2010)",68.5659
"Life Expectancy at Birth, female (years) (2011)",69.0936
"Life Expectancy at Birth, female (years) (2012)",69.2229
"Life Expectancy at Birth, female (years) (2013)",69.75239999999999
"Life Expectancy at Birth, female (years) (2014)",69.8184
"Life Expectancy at Birth, female (years) (2015)",69.0787
"Life Expectancy at Birth, female (years) (2016)",70.5146
"Life Expectancy at Birth, female (years) (2017)",70.6379
"Life Expectancy at Birth, female (years) (2018)",70.7187
"Life Expectancy at Birth, female (years) (2019)",71.35129999999999
"Life Expectancy at Birth, female (years) (2020)",71.17270000000001
"Life Expectancy at Birth, female (years) (2021)",70.3617
"Expected Years of Schooling, female (years) (1990)",5.180980206
"Expected Years of Schooling, female (years) (1991)",5.484479904
"Expected Years of Schooling, female (years) (1992)",5.711524381
"Expected Years of Schooling, female (years) (1993)",5.938568857
"Expected Years of Schooling, female (years) (1994)",6.165613333
"Expected Years of Schooling, female (years) (1995)",6.39265781
"Expected Years of Schooling, female (years) (1996)",6.619702286
"Expected Years of Schooling, female (years) (1997)",6.846746763
"Expected Years of Schooling, female (years) (1998)",7.073791239
"Expected Years of Schooling, female (years) (1999)",7.300835715
"Expected Years of Schooling, female (years) (2000)",7.527880192
"Expected Years of Schooling, female (years) (2001)",7.741460085
"Expected Years of Schooling, female (years) (2002)",7.955039978
"Expected Years of Schooling, female (years) (2003)",8.158809661999999
"Expected Years of Schooling, female (years) (2004)",8.455644608
"Expected Years of Schooling, female (years) (2005)",8.752479553000001
"Expected Years of Schooling, female (years) (2006)",9.415789604
"Expected Years of Schooling, female (years) (2007)",9.791635036000001
"Expected Years of Schooling, female (years) (2008)",10.16748047
"Expected Years of Schooling, female (years) (2009)",10.90919018
"Expected Years of Schooling, female (years) (2010)",11.96232986
"Expected Years of Schooling, female (years) (2011)",12.50370026
"Expected Years of Schooling, female (years) (2012)",12.69997025
"Expected Years of Schooling, female (years) (2013)",12.89624023
"Expected Years of Schooling, female (years) (2014)",12.92003012
"Expected Years of Schooling, female (years) (2015)",12.94382
"Expected Years of Schooling, female (years) (2016)",12.8663702
"Expected Years of Schooling, female (years) (2017)",12.95195007
"Expected Years of Schooling, female (years) (2018)",13.16796494
"Expected Years of Schooling, female (years) (2019)",13.3839798
"Expected Years of Schooling, female (years) (2020)",12.9240799
"Expected Years of Schooling, female (years) (2021)",12.9240799
"Mean Years of Schooling, female (years) (1990)",.992401523
"Mean Years of Schooling, female (years) (1991)",1.043231845
"Mean Years of Schooling, female (years) (1992)",1.094062167
"Mean Years of Schooling, female (years) (1993)",1.144892489
"Mean Years of Schooling, female (years) (1994)",1.195722811
"Mean Years of Schooling, female (years) (1995)",1.246553133
"Mean Years of Schooling, female (years) (1996)",1.29012198
"Mean Years of Schooling, female (years) (1997)",1.333690828
"Mean Years of Schooling, female (years) (1998)",1.377259675
"Mean Years of Schooling, female (years) (1999)",1.420828522
"Mean Years of Schooling, female (years) (2000)",1.46439737
"Mean Years of Schooling, female (years) (2001)",1.57573998
"Mean Years of Schooling, female (years) (2002)",1.65062598
"Mean Years of Schooling, female (years) (2003)",1.72551198
"Mean Years of Schooling, female (years) (2004)",1.80039798
"Mean Years of Schooling, female (years) (2005)",1.87528398
"Mean Years of Schooling, female (years) (2006)",1.950169981
"Mean Years of Schooling, female (years) (2007)",2.025055981
"Mean Years of Schooling, female (years) (2008)",2.099941981
"Mean Years of Schooling, female (years) (2009)",2.174827981
"Mean Years of Schooling, female (years) (2010)",2.249713981
"Mean Years of Schooling, female (years) (2011)",2.324599981
"Mean Years of Schooling, female (years) (2012)",2.591627202
"Mean Years of Schooling, female (years) (2013)",2.858654422
"Mean Years of Schooling, female (years) (2014)",3.125681643
"Mean Years of Schooling, female (years) (2015)",3.392708863
"Mean Years of Schooling, female (years) (2016)",3.584748988
"Mean Years of Schooling, female (years) (2017)",3.776789112
"Mean Years of Schooling, female (years) (2018)",3.968829236
"Mean Years of Schooling, female (years) (2019)",4.160869361
"Mean Years of Schooling, female (years) (2020)",4.160869361
"Mean Years of Schooling, female (years) (2021)",4.160869361
"Gross National Income Per Capita, female (2017 PPP$) (1990)",1328.601688765568
"Gross National Income Per Capita, female (2017 PPP$) (1991)",1369.047656270472
"Gross National Income Per Capita, female (2017 PPP$) (1992)",1378.710812525747
"Gross National Income Per Capita, female (2017 PPP$) (1993)",1384.503447275173
"Gross National Income Per Capita, female (2017 PPP$) (1994)",1451.840681649559
"Gross National Income Per Capita, female (2017 PPP$) (1995)",1464.157022116442
"Gross National Income Per Capita, female (2017 PPP$) (1996)",1498.054581798425
"Gross National Income Per Capita, female (2017 PPP$) (1997)",1553.311690179179
"Gross National Income Per Capita, female (2017 PPP$) (1998)",1581.591814185343
"Gross National Income Per Capita, female (2017 PPP$) (1999)",1396.604975006962
"Gross National Income Per Capita, female (2017 PPP$) (2000)",1731.788499203871
"Gross National Income Per Capita, female (2017 PPP$) (2001)",1806.126068043356
"Gross National Income Per Capita, female (2017 PPP$) (2002)",1769.197819544921
"Gross National Income Per Capita, female (2017 PPP$) (2003)",1809.039071870435
"Gross National Income Per Capita, female (2017 PPP$) (2004)",1860.704890003125
"Gross National Income Per Capita, female (2017 PPP$) (2005)",1907.093887558342
"Gross National Income Per Capita, female (2017 PPP$) (2006)",1947.191001110106
"Gross National Income Per Capita, female (2017 PPP$) (2007)",1985.273238470529
"Gross National Income Per Capita, female (2017 PPP$) (2008)",1939.136714973649
"Gross National Income Per Capita, female (2017 PPP$) (2009)",2162.552766970132
"Gross National Income Per Capita, female (2017 PPP$) (2010)",2347.781818019329
"Gross National Income Per Capita, female (2017 PPP$) (2011)",2461.400884555943
"Gross National Income Per Capita, female (2017 PPP$) (2012)",2637.160726595068
"Gross National Income Per Capita, female (2017 PPP$) (2013)",2799.935473010474
"Gross National Income Per Capita, female (2017 PPP$) (2014)",3056.250400274319
"Gross National Income Per Capita, female (2017 PPP$) (2015)",3217.904963258199
"Gross National Income Per Capita, female (2017 PPP$) (2016)",3220.817449407559
"Gross National Income Per Capita, female (2017 PPP$) (2017)",3237.500596584016
"Gross National Income Per Capita, female (2017 PPP$) (2018)",3651.951023723988
"Gross National Income Per Capita, female (2017 PPP$) (2019)",3826.008575149352
"Gross National Income Per Capita, female (2017 PPP$) (2020)",3622.829419834018
"Gross National Income Per Capita, female (2017 PPP$) (2021)",3677.183142692676
HDI male (1990),.4606990850826307
HDI male (1991),.4669052452105704
HDI male (1992),.4736429199318856
HDI male (1993),.4787237851091713
HDI male (1994),.486750628999084
HDI male (1995),.4919400536381163
HDI male (1996),.4960891193381305
HDI male (1997),.5012623967611001
HDI male (1998),.5046556614028983
HDI male (1999),.5152831118709876
HDI male (2000),.514782967011384
HDI male (2001),.5206140578190663
HDI male (2002),.5190100615466906
HDI male (2003),.5246189386421637
HDI male (2004),.5290097746695538
HDI male (2005),.5337242824831343
HDI male (2006),.5413221379119929
HDI male (2007),.5468866846676314
HDI male (2008),.5549276558122417
HDI male (2009),.5631869602064388
HDI male (2010),.5722718439032577
HDI male (2011),.580340007032064
HDI male (2012),.5862623271529105
HDI male (2013),.592568804899668
HDI male (2014),.5982064670840147
HDI male (2015),.5993285559913687
HDI male (2016),.6048215261407952
HDI male (2017),.616063195622077
HDI male (2018),.6189111606336463
HDI male (2019),.6273205399991244
HDI male (2020),.6236318218883068
HDI male (2021),.6205076966432592
"Life Expectancy at Birth, male (years) (1990)",54.7508
"Life Expectancy at Birth, male (years) (1991)",55.4119
"Life Expectancy at Birth, male (years) (1992)",56.4207
"Life Expectancy at Birth, male (years) (1993)",57.0529
"Life Expectancy at Birth, male (years) (1994)",57.8729
"Life Expectancy at Birth, male (years) (1995)",58.5636
"Life Expectancy at Birth, male (years) (1996)",59.063
"Life Expectancy at Birth, male (years) (1997)",59.7057
"Life Expectancy at Birth, male (years) (1998)",60.1856
"Life Expectancy at Birth, male (years) (1999)",60.7642
"Life Expectancy at Birth, male (years) (2000)",61.1988
"Life Expectancy at Birth, male (years) (2001)",61.7785
"Life Expectancy at Birth, male (years) (2002)",61.3619
"Life Expectancy at Birth, male (years) (2003)",62.3762
"Life Expectancy at Birth, male (years) (2004)",62.886
"Life Expectancy at Birth, male (years) (2005)",63.5251
"Life Expectancy at Birth, male (years) (2006)",64.0147
"Life Expectancy at Birth, male (years) (2007)",64.5034
"Life Expectancy at Birth, male (years) (2008)",64.6641
"Life Expectancy at Birth, male (years) (2009)",64.9853
"Life Expectancy at Birth, male (years) (2010)",65.0925
"Life Expectancy at Birth, male (years) (2011)",65.559
"Life Expectancy at Birth, male (years) (2012)",65.7362
"Life Expectancy at Birth, male (years) (2013)",66.1909
"Life Expectancy at Birth, male (years) (2014)",66.35680000000001
"Life Expectancy at Birth, male (years) (2015)",65.8351
"Life Expectancy at Birth, male (years) (2016)",67.0309
"Life Expectancy at Birth, male (years) (2017)",67.1742
"Life Expectancy at Birth, male (years) (2018)",67.2306
"Life Expectancy at Birth, male (years) (2019)",67.7555
"Life Expectancy at Birth, male (years) (2020)",67.3454
"Life Expectancy at Birth, male (years) (2021)",66.57389999999999
"Expected Years of Schooling, male (years) (1990)",9.647830009
"Expected Years of Schooling, male (years) (1991)",9.703809738
"Expected Years of Schooling, male (years) (1992)",9.777089755
"Expected Years of Schooling, male (years) (1993)",9.850369771
"Expected Years of Schooling, male (years) (1994)",9.923649788000001
"Expected Years of Schooling, male (years) (1995)",9.996929804000001
"Expected Years of Schooling, male (years) (1996)",10.07020982
"Expected Years of Schooling, male (years) (1997)",10.14348984
"Expected Years of Schooling, male (years) (1998)",10.21676985
"Expected Years of Schooling, male (years) (1999)",10.29004987
"Expected Years of Schooling, male (years) (2000)",10.36332989
"Expected Years of Schooling, male (years) (2001)",10.36055994
"Expected Years of Schooling, male (years) (2002)",10.35778999
"Expected Years of Schooling, male (years) (2003)",10.28295994
"Expected Years of Schooling, male (years) (2004)",10.24470997
"Expected Years of Schooling, male (years) (2005)",10.20646
"Expected Years of Schooling, male (years) (2006)",10.4755497
"Expected Years of Schooling, male (years) (2007)",10.57121992
"Expected Years of Schooling, male (years) (2008)",10.66689014
"Expected Years of Schooling, male (years) (2009)",11.24110985
"Expected Years of Schooling, male (years) (2010)",11.91112041
"Expected Years of Schooling, male (years) (2011)",12.30933952
"Expected Years of Schooling, male (years) (2012)",12.38343954
"Expected Years of Schooling, male (years) (2013)",12.45753956
"Expected Years of Schooling, male (years) (2014)",12.41903496
"Expected Years of Schooling, male (years) (2015)",12.38053036
"Expected Years of Schooling, male (years) (2016)",12.37761021
"Expected Years of Schooling, male (years) (2017)",12.55863953
"Expected Years of Schooling, male (years) (2018)",12.73964977
"Expected Years of Schooling, male (years) (2019)",12.92066002
"Expected Years of Schooling, male (years) (2020)",12.84980011
"Expected Years of Schooling, male (years) (2021)",12.84980011
"Mean Years of Schooling, male (years) (1990)",3.649937246
"Mean Years of Schooling, male (years) (1991)",3.715074587
"Mean Years of Schooling, male (years) (1992)",3.780211929
"Mean Years of Schooling, male (years) (1993)",3.845349271
"Mean Years of Schooling, male (years) (1994)",3.910486612
"Mean Years of Schooling, male (years) (1995)",3.975623954
"Mean Years of Schooling, male (years) (1996)",3.995838991
"Mean Years of Schooling, male (years) (1997)",4.016054028
"Mean Years of Schooling, male (years) (1998)",4.036269065
"Mean Years of Schooling, male (years) (1999)",4.056484102
"Mean Years of Schooling, male (years) (2000)",4.076699139
"Mean Years of Schooling, male (years) (2001)",4.168789864
"Mean Years of Schooling, male (years) (2002)",4.245066881
"Mean Years of Schooling, male (years) (2003)",4.321343899
"Mean Years of Schooling, male (years) (2004)",4.397620916
"Mean Years of Schooling, male (years) (2005)",4.473897934
"Mean Years of Schooling, male (years) (2006)",4.550174952
"Mean Years of Schooling, male (years) (2007)",4.626451969
"Mean Years of Schooling, male (years) (2008)",4.702728987
"Mean Years of Schooling, male (years) (2009)",4.779006004
"Mean Years of Schooling, male (years) (2010)",4.855283022
"Mean Years of Schooling, male (years) (2011)",4.93156004
"Mean Years of Schooling, male (years) (2012)",5.145699147
"Mean Years of Schooling, male (years) (2013)",5.359838254
"Mean Years of Schooling, male (years) (2014)",5.573977362
"Mean Years of Schooling, male (years) (2015)",5.788116469
"Mean Years of Schooling, male (years) (2016)",5.896246118
"Mean Years of Schooling, male (years) (2017)",6.004375766
"Mean Years of Schooling, male (years) (2018)",6.112505414
"Mean Years of Schooling, male (years) (2019)",6.220635063
"Mean Years of Schooling, male (years) (2020)",6.220635063
"Mean Years of Schooling, male (years) (2021)",6.220635063
"Gross National Income Per Capita, male (2017 PPP$) (1990)",1815.097786631357
"Gross National Income Per Capita, male (2017 PPP$) (1991)",1885.458181388932
"Gross National Income Per Capita, male (2017 PPP$) (1992)",1919.552595283205
"Gross National Income Per Capita, male (2017 PPP$) (1993)",1950.349268141577
"Gross National Income Per Capita, male (2017 PPP$) (1994)",2064.391879761375
"Gross National Income Per Capita, male (2017 PPP$) (1995)",2093.048658436944
"Gross National Income Per Capita, male (2017 PPP$) (1996)",2135.134767619948
"Gross National Income Per Capita, male (2017 PPP$) (1997)",2196.658689700972
"Gross National Income Per Capita, male (2017 PPP$) (1998)",2213.273394997658
"Gross National Income Per Capita, male (2017 PPP$) (1999)",2532.636364007594
"Gross National Income Per Capita, male (2017 PPP$) (2000)",2380.742688070115
"Gross National Income Per Capita, male (2017 PPP$) (2001)",2486.155714028133
"Gross National Income Per Capita, male (2017 PPP$) (2002)",2442.214212071019
"Gross National Income Per Capita, male (2017 PPP$) (2003)",2508.17044314473
"Gross National Income Per Capita, male (2017 PPP$) (2004)",2592.995482179925
"Gross National Income Per Capita, male (2017 PPP$) (2005)",2672.263190208332
"Gross National Income Per Capita, male (2017 PPP$) (2006)",2752.228616640134
"Gross National Income Per Capita, male (2017 PPP$) (2007)",2831.703302421684
"Gross National Income Per Capita, male (2017 PPP$) (2008)",3122.636919285193
"Gross National Income Per Capita, male (2017 PPP$) (2009)",3096.211462201843
"Gross National Income Per Capita, male (2017 PPP$) (2010)",3116.162509274087
"Gross National Income Per Capita, male (2017 PPP$) (2011)",3170.446319498386
"Gross National Income Per Capita, male (2017 PPP$) (2012)",3268.560869838163
"Gross National Income Per Capita, male (2017 PPP$) (2013)",3326.594222961363
"Gross National Income Per Capita, male (2017 PPP$) (2014)",3488.961110436187
"Gross National Income Per Capita, male (2017 PPP$) (2015)",3551.503973063936
"Gross National Income Per Capita, male (2017 PPP$) (2016)",3506.112212154822
"Gross National Income Per Capita, male (2017 PPP$) (2017)",4001.92563466918
"Gross National Income Per Capita, male (2017 PPP$) (2018)",3959.401630420996
"Gross National Income Per Capita, male (2017 PPP$) (2019)",4179.925838765833
"Gross National Income Per Capita, male (2017 PPP$) (2020)",4087.370220420218
"Gross National Income Per Capita, male (2017 PPP$) (2021)",4095.455108250473
Inequality-adjusted Human Development Index (value) (2010),
Inequality-adjusted Human Development Index (value) (2011),.404
Inequality-adjusted Human Development Index (value) (2012),.411
Inequality-adjusted Human Development Index (value) (2013),.419
Inequality-adjusted Human Development Index (value) (2014),.421
Inequality-adjusted Human Development Index (value) (2015),.423
Inequality-adjusted Human Development Index (value) (2016),.434
Inequality-adjusted Human Development Index (value) (2017),.441
Inequality-adjusted Human Development Index (value) (2018),.447
Inequality-adjusted Human Development Index (value) (2019),.454
Inequality-adjusted Human Development Index (value) (2020),.451
Inequality-adjusted Human Development Index (value) (2021),.449
Coefficient of human inequality (2010),
Coefficient of human inequality (2011),25.98560733666666
Coefficient of human inequality (2012),25.76953652666667
Coefficient of human inequality (2013),25.51910165
Coefficient of human inequality (2014),25.74976608
Coefficient of human inequality (2015),25.7940331
Coefficient of human inequality (2016),25.07619127
Coefficient of human inequality (2017),24.89371332
Coefficient of human inequality (2018),24.72505538333334
Coefficient of human inequality (2019),24.60647656
Coefficient of human inequality (2020),24.45085566666667
Coefficient of human inequality (2021),24.31912876666667
Overall loss (%) (2010),
Overall loss (%) (2011),26.94394213381556
Overall loss (%) (2012),26.73796791443851
Overall loss (%) (2013),26.49122807017543
Overall loss (%) (2014),26.90972222222222
Overall loss (%) (2015),26.94300518134715
Overall loss (%) (2016),25.93856655290102
Overall loss (%) (2017),25.75757575757576
Overall loss (%) (2018),25.62396006655574
Overall loss (%) (2019),25.69558101472995
Overall loss (%) (2020),25.33112582781456
Overall loss (%) (2021),25.41528239202657
Inequality in life expectancy (2010),22.22933197
Inequality in life expectancy (2011),21.45162201
Inequality in life expectancy (2012),20.80340958
Inequality in life expectancy (2013),20.05210495
Inequality in life expectancy (2014),19.44638824
Inequality in life expectancy (2015),19.5791893
Inequality in life expectancy (2016),18.03125381
Inequality in life expectancy (2017),17.48381996
Inequality in life expectancy (2018),16.97784615
Inequality in life expectancy (2019),16.40390968
Inequality in life expectancy (2020),15.937047
Inequality in life expectancy (2021),15.5418663
Inequality in eduation (2010),42.5
Inequality in eduation (2011),41.37719
Inequality in eduation (2012),41.37719
Inequality in eduation (2013),41.37719
Inequality in eduation (2014),43.89112
Inequality in eduation (2015),43.89112
Inequality in eduation (2016),40.881
Inequality in eduation (2017),40.881
Inequality in eduation (2018),40.881
Inequality in eduation (2019),41.0992
Inequality in eduation (2020),41.0992
Inequality in eduation (2021),41.0992
Inequality in income (2010),
Inequality in income (2011),15.12801
Inequality in income (2012),15.12801
Inequality in income (2013),15.12801
Inequality in income (2014),13.91179
Inequality in income (2015),13.91179
Inequality in income (2016),16.31632
Inequality in income (2017),16.31632
Inequality in income (2018),16.31632
Inequality in income (2019),16.31632
Inequality in income (2020),16.31632
Inequality in income (2021),16.31632
GII Rank (2021),113
Gender Inequality Index (value) (1990),.726
Gender Inequality Index (value) (1991),.721
Gender Inequality Index (value) (1992),.718
Gender Inequality Index (value) (1993),.717
Gender Inequality Index (value) (1994),.712
Gender Inequality Index (value) (1995),.709
Gender Inequality Index (value) (1996),.705
Gender Inequality Index (value) (1997),.7
Gender Inequality Index (value) (1998),.697
Gender Inequality Index (value) (1999),.677
Gender Inequality Index (value) (2000),.663
Gender Inequality Index (value) (2001),.657
Gender Inequality Index (value) (2002),.655
Gender Inequality Index (value) (2003),.648
Gender Inequality Index (value) (2004),.651
Gender Inequality Index (value) (2005),.643
Gender Inequality Index (value) (2006),.633
Gender Inequality Index (value) (2007),.576
Gender Inequality Index (value) (2008),.532
Gender Inequality Index (value) (2009),.526
Gender Inequality Index (value) (2010),.518
Gender Inequality Index (value) (2011),.512
Gender Inequality Index (value) (2012),.505
Gender Inequality Index (value) (2013),.498
Gender Inequality Index (value) (2014),.498
Gender Inequality Index (value) (2015),.495
Gender Inequality Index (value) (2016),.479
Gender Inequality Index (value) (2017),.469
Gender Inequality Index (value) (2018),.457
Gender Inequality Index (value) (2019),.454
Gender Inequality Index (value) (2020),.454
Gender Inequality Index (value) (2021),.452
"Maternal Mortality Ratio (deaths per 100,000 live births) (1990)",976
"Maternal Mortality Ratio (deaths per 100,000 live births) (1991)",924
"Maternal Mortality Ratio (deaths per 100,000 live births) (1992)",872
"Maternal Mortality Ratio (deaths per 100,000 live births) (1993)",833
"Maternal Mortality Ratio (deaths per 100,000 live births) (1994)",783
"Maternal Mortality Ratio (deaths per 100,000 live births) (1995)",743
"Maternal Mortality Ratio (deaths per 100,000 live births) (1996)",705
"Maternal Mortality Ratio (deaths per 100,000 live births) (1997)",663
"Maternal Mortality Ratio (deaths per 100,000 live births) (1998)",627
"Maternal Mortality Ratio (deaths per 100,000 live births) (1999)",588
"Maternal Mortality Ratio (deaths per 100,000 live births) (2000)",553
"Maternal Mortality Ratio (deaths per 100,000 live births) (2001)",521
"Maternal Mortality Ratio (deaths per 100,000 live births) (2002)",520
"Maternal Mortality Ratio (deaths per 100,000 live births) (2003)",470
"Maternal Mortality Ratio (deaths per 100,000 live births) (2004)",447
"Maternal Mortality Ratio (deaths per 100,000 live births) (2005)",415
"Maternal Mortality Ratio (deaths per 100,000 live births) (2006)",386
"Maternal Mortality Ratio (deaths per 100,000 live births) (2007)",361
"Maternal Mortality Ratio (deaths per 100,000 live births) (2008)",342
"Maternal Mortality Ratio (deaths per 100,000 live births) (2009)",323
"Maternal Mortality Ratio (deaths per 100,000 live births) (2010)",305
"Maternal Mortality Ratio (deaths per 100,000 live births) (2011)",285
"Maternal Mortality Ratio (deaths per 100,000 live births) (2012)",266
"Maternal Mortality Ratio (deaths per 100,000 live births) (2013)",248
"Maternal Mortality Ratio (deaths per 100,000 live births) (2014)",231
"Maternal Mortality Ratio (deaths per 100,000 live births) (2015)",236
"Maternal Mortality Ratio (deaths per 100,000 live births) (2016)",200
"Maternal Mortality Ratio (deaths per 100,000 live births) (2017)",186
"Maternal Mortality Ratio (deaths per 100,000 live births) (2018)",186
"Maternal Mortality Ratio (deaths per 100,000 live births) (2019)",186
"Maternal Mortality Ratio (deaths per 100,000 live births) (2020)",186
"Maternal Mortality Ratio (deaths per 100,000 live births) (2021)",186
"Adolescent Birth Rate (births per 1,000 women ages 15-19) (1990)",129.901
"Adolescent Birth Rate (births per 1,000 women ages 15-19) (1991)",125.898
"Adolescent Birth Rate (births per 1,000 women ages 15-19) (1992)",126.917
"Adolescent Birth Rate (births per 1,000 women ages 15-19) (1993)",131.456
"Adolescent Birth Rate (births per 1,000 women ages 15-19) (1994)",125.948
"Adolescent Birth Rate (births per 1,000 women ages 15-19) (1995)",124.746
"Adolescent Birth Rate (births per 1,000 women ages 15-19) (1996)",124.717
"Adolescent Birth Rate (births per 1,000 women ages 15-19) (1997)",121.769
"Adolescent Birth Rate (births per 1,000 women ages 15-19) (1998)",123.184
"Adolescent Birth Rate (births per 1,000 women ages 15-19) (1999)",118.369
"Adolescent Birth Rate (births per 1,000 women ages 15-19) (2000)",117.956
"Adolescent Birth Rate (births per 1,000 women ages 15-19) (2001)",116.892
"Adolescent Birth Rate (births per 1,000 women ages 15-19) (2002)",113.262
"Adolescent Birth Rate (births per 1,000 women ages 15-19) (2003)",112.962
"Adolescent Birth Rate (births per 1,000 women ages 15-19) (2004)",105.84
"Adolescent Birth Rate (births per 1,000 women ages 15-19) (2005)",100.36
"Adolescent Birth Rate (births per 1,000 women ages 15-19) (2006)",95.029
"Adolescent Birth Rate (births per 1,000 women ages 15-19) (2007)",88.503
"Adolescent Birth Rate (births per 1,000 women ages 15-19) (2008)",84.318
"Adolescent Birth Rate (births per 1,000 women ages 15-19) (2009)",81.724
"Adolescent Birth Rate (births per 1,000 women ages 15-19) (2010)",78.3
"Adolescent Birth Rate (births per 1,000 women ages 15-19) (2011)",77.691
"Adolescent Birth Rate (births per 1,000 women ages 15-19) (2012)",78.63500000000001
"Adolescent Birth Rate (births per 1,000 women ages 15-19) (2013)",78.89400000000001
"Adolescent Birth Rate (births per 1,000 women ages 15-19) (2014)",78.944
"Adolescent Birth Rate (births per 1,000 women ages 15-19) (2015)",77.024
"Adolescent Birth Rate (births per 1,000 women ages 15-19) (2016)",73.771
"Adolescent Birth Rate (births per 1,000 women ages 15-19) (2017)",70.16500000000001
"Adolescent Birth Rate (births per 1,000 women ages 15-19) (2018)",67.46899999999999
"Adolescent Birth Rate (births per 1,000 women ages 15-19) (2019)",66.239
"Adolescent Birth Rate (births per 1,000 women ages 15-19) (2020)",64.938
"Adolescent Birth Rate (births per 1,000 women ages 15-19) (2021)",63.837
"Share of seats in parliament, female (% held by women) (1990)",4.528301887
"Share of seats in parliament, female (% held by women) (1991)",4.528301887
"Share of seats in parliament, female (% held by women) (1992)",4.528301887
"Share of seats in parliament, female (% held by women) (1993)",4.528301887
"Share of seats in parliament, female (% held by women) (1994)",4.528301887
"Share of seats in parliament, female (% held by women) (1995)",4.528301887
"Share of seats in parliament, female (% held by women) (1996)",4.528301887
"Share of seats in parliament, female (% held by women) (1997)",4.528301887
"Share of seats in parliament, female (% held by women) (1998)",4.528301887
"Share of seats in parliament, female (% held by women) (1999)",6.41509434
"Share of seats in parliament, female (% held by women) (2000)",7.924528302
"Share of seats in parliament, female (% held by women) (2001)",7.924528302
"Share of seats in parliament, female (% held by women) (2002)",7.924528302
"Share of seats in parliament, female (% held by women) (2003)",7.924528302
"Share of seats in parliament, female (% held by women) (2004)",6.41509434
"Share of seats in parliament, female (% held by women) (2005)",6.41509434
"Share of seats in parliament, female (% held by women) (2006)",6.756756757
"Share of seats in parliament, female (% held by women) (2007)",17.32522796
"Share of seats in parliament, female (% held by women) (2008)",33.16498316
"Share of seats in parliament, female (% held by women) (2009)",33.16498316
"Share of seats in parliament, female (% held by women) (2010)",33.16498316
"Share of seats in parliament, female (% held by women) (2011)",33.16498316
"Share of seats in parliament, female (% held by women) (2012)",33.16498316
"Share of seats in parliament, female (% held by women) (2013)",33.16498316
"Share of seats in parliament, female (% held by women) (2014)",29.48073702
"Share of seats in parliament, female (% held by women) (2015)",29.54924875
"Share of seats in parliament, female (% held by women) (2016)",29.57983193
"Share of seats in parliament, female (% held by women) (2017)",29.57983193
"Share of seats in parliament, female (% held by women) (2018)",33.53293413
"Share of seats in parliament, female (% held by women) (2019)",33.53293413
"Share of seats in parliament, female (% held by women) (2020)",33.63363363
"Share of seats in parliament, female (% held by women) (2021)",33.63363363
"Share of seats in parliament, male (% held by men) (1990)",95.47169811000001
"Share of seats in parliament, male (% held by men) (1991)",95.47169811000001
"Share of seats in parliament, male (% held by men) (1992)",95.47169811000001
"Share of seats in parliament, male (% held by men) (1993)",95.47169811000001
"Share of seats in parliament, male (% held by men) (1994)",95.47169811000001
"Share of seats in parliament, male (% held by men) (1995)",95.47169811000001
"Share of seats in parliament, male (% held by men) (1996)",95.47169811000001
"Share of seats in parliament, male (% held by men) (1997)",95.47169811000001
"Share of seats in parliament, male (% held by men) (1998)",95.47169811000001
"Share of seats in parliament, male (% held by men) (1999)",93.58490566
"Share of seats in parliament, male (% held by men) (2000)",92.07547169999999
"Share of seats in parliament, male (% held by men) (2001)",92.07547169999999
"Share of seats in parliament, male (% held by men) (2002)",92.07547169999999
"Share of seats in parliament, male (% held by men) (2003)",92.07547169999999
"Share of seats in parliament, male (% held by men) (2004)",93.58490566
"Share of seats in parliament, male (% held by men) (2005)",93.58490566
"Share of seats in parliament, male (% held by men) (2006)",93.24324324
"Share of seats in parliament, male (% held by men) (2007)",82.67477203999999
"Share of seats in parliament, male (% held by men) (2008)",66.83501683999999
"Share of seats in parliament, male (% held by men) (2009)",66.83501683999999
"Share of seats in parliament, male (% held by men) (2010)",66.83501683999999
"Share of seats in parliament, male (% held by men) (2011)",66.83501683999999
"Share of seats in parliament, male (% held by men) (2012)",66.83501683999999
"Share of seats in parliament, male (% held by men) (2013)",66.83501683999999
"Share of seats in parliament, male (% held by men) (2014)",70.51926297999999
"Share of seats in parliament, male (% held by men) (2015)",70.45075125
"Share of seats in parliament, male (% held by men) (2016)",70.42016807
"Share of seats in parliament, male (% held by men) (2017)",70.42016807
"Share of seats in parliament, male (% held by men) (2018)",66.46706587
"Share of seats in parliament, male (% held by men) (2019)",66.46706587
"Share of seats in parliament, male (% held by men) (2020)",66.36636636999999
"Share of seats in parliament, male (% held by men) (2021)",66.36636636999999
"Labour force participation rate, female (% ages 15 and older) (1990)",81.258
"Labour force participation rate, female (% ages 15 and older) (1991)",81.31699999999999
"Labour force participation rate, female (% ages 15 and older) (1992)",81.404
"Labour force participation rate, female (% ages 15 and older) (1993)",81.512
"Labour force participation rate, female (% ages 15 and older) (1994)",81.637
"Labour force participation rate, female (% ages 15 and older) (1995)",81.771
"Labour force participation rate, female (% ages 15 and older) (1996)",81.745
"Labour force participation rate, female (% ages 15 and older) (1997)",81.73699999999999
"Labour force participation rate, female (% ages 15 and older) (1998)",81.75
"Labour force participation rate, female (% ages 15 and older) (1999)",81.794
"Labour force participation rate, female (% ages 15 and older) (2000)",81.554
"Labour force participation rate, female (% ages 15 and older) (2001)",81.295
"Labour force participation rate, female (% ages 15 and older) (2002)",81.032
"Labour force participation rate, female (% ages 15 and older) (2003)",80.765
"Labour force participation rate, female (% ages 15 and older) (2004)",80.495
"Labour force participation rate, female (% ages 15 and older) (2005)",80.224
"Labour force participation rate, female (% ages 15 and older) (2006)",79.94499999999999
"Labour force participation rate, female (% ages 15 and older) (2007)",79.663
"Labour force participation rate, female (% ages 15 and older) (2008)",79.384
"Labour force participation rate, female (% ages 15 and older) (2009)",79.497
"Labour force participation rate, female (% ages 15 and older) (2010)",79.664
"Labour force participation rate, female (% ages 15 and older) (2011)",79.91500000000001
"Labour force participation rate, female (% ages 15 and older) (2012)",80.29300000000001
"Labour force participation rate, female (% ages 15 and older) (2013)",80.746
"Labour force participation rate, female (% ages 15 and older) (2014)",81.19
"Labour force participation rate, female (% ages 15 and older) (2015)",81.57299999999999
"Labour force participation rate, female (% ages 15 and older) (2016)",81.965
"Labour force participation rate, female (% ages 15 and older) (2017)",82.243
"Labour force participation rate, female (% ages 15 and older) (2018)",82.41500000000001
"Labour force participation rate, female (% ages 15 and older) (2019)",82.493
"Labour force participation rate, female (% ages 15 and older) (2020)",75.69799999999999
"Labour force participation rate, female (% ages 15 and older) (2021)",78.691
"Labour force participation rate, male (% ages 15 and older) (1990)",90.70099999999999
"Labour force participation rate, male (% ages 15 and older) (1991)",90.58199999999999
"Labour force participation rate, male (% ages 15 and older) (1992)",90.446
"Labour force participation rate, male (% ages 15 and older) (1993)",90.30800000000001
"Labour force participation rate, male (% ages 15 and older) (1994)",90.18300000000001
"Labour force participation rate, male (% ages 15 and older) (1995)",90.07899999999999
"Labour force participation rate, male (% ages 15 and older) (1996)",90.063
"Labour force participation rate, male (% ages 15 and older) (1997)",90.06399999999999
"Labour force participation rate, male (% ages 15 and older) (1998)",90.068
"Labour force participation rate, male (% ages 15 and older) (1999)",90.05500000000001
"Labour force participation rate, male (% ages 15 and older) (2000)",89.812
"Labour force participation rate, male (% ages 15 and older) (2001)",89.54600000000001
"Labour force participation rate, male (% ages 15 and older) (2002)",89.27200000000001
"Labour force participation rate, male (% ages 15 and older) (2003)",88.992
"Labour force participation rate, male (% ages 15 and older) (2004)",88.705
"Labour force participation rate, male (% ages 15 and older) (2005)",88.413
"Labour force participation rate, male (% ages 15 and older) (2006)",88.111
"Labour force participation rate, male (% ages 15 and older) (2007)",87.80200000000001
"Labour force participation rate, male (% ages 15 and older) (2008)",87.492
"Labour force participation rate, male (% ages 15 and older) (2009)",87.241
"Labour force participation rate, male (% ages 15 and older) (2010)",86.97
"Labour force participation rate, male (% ages 15 and older) (2011)",86.739
"Labour force participation rate, male (% ages 15 and older) (2012)",86.467
"Labour force participation rate, male (% ages 15 and older) (2013)",86.15000000000001
"Labour force participation rate, male (% ages 15 and older) (2014)",85.806
"Labour force participation rate, male (% ages 15 and older) (2015)",85.45699999999999
"Labour force participation rate, male (% ages 15 and older) (2016)",85.117
"Labour force participation rate, male (% ages 15 and older) (2017)",84.83499999999999
"Labour force participation rate, male (% ages 15 and older) (2018)",84.619
"Labour force participation rate, male (% ages 15 and older) (2019)",84.476
"Labour force participation rate, male (% ages 15 and older) (2020)",79.477
"Labour force participation rate, male (% ages 15 and older) (2021)",80.77200000000001
Difference from HDI rank (2021),7
Planetary pressures-adjusted Human Development Index (value) (1990),.396
Planetary pressures-adjusted Human Development Index (value) (1991),.405
Planetary pressures-adjusted Human Development Index (value) (1992),.413
Planetary pressures-adjusted Human Development Index (value) (1993),.418
Planetary pressures-adjusted Human Development Index (value) (1994),.425
Planetary pressures-adjusted Human Development Index (value) (1995),.43
Planetary pressures-adjusted Human Development Index (value) (1996),.439
Planetary pressures-adjusted Human Development Index (value) (1997),.446
Planetary pressures-adjusted Human Development Index (value) (1998),.452
Planetary pressures-adjusted Human Development Index (value) (1999),.458
Planetary pressures-adjusted Human Development Index (value) (2000),.464
Planetary pressures-adjusted Human Development Index (value) (2001),.466
Planetary pressures-adjusted Human Development Index (value) (2002),.472
Planetary pressures-adjusted Human Development Index (value) (2003),.477
Planetary pressures-adjusted Human Development Index (value) (2004),.484
Planetary pressures-adjusted Human Development Index (value) (2005),.49
Planetary pressures-adjusted Human Development Index (value) (2006),.5
Planetary pressures-adjusted Human Development Index (value) (2007),.504
Planetary pressures-adjusted Human Development Index (value) (2008),.512
Planetary pressures-adjusted Human Development Index (value) (2009),.524
Planetary pressures-adjusted Human Development Index (value) (2010),.536
Planetary pressures-adjusted Human Development Index (value) (2011),.546
Planetary pressures-adjusted Human Development Index (value) (2012),.552
Planetary pressures-adjusted Human Development Index (value) (2013),.5610000000000001
Planetary pressures-adjusted Human Development Index (value) (2014),.5659999999999999
Planetary pressures-adjusted Human Development Index (value) (2015),.569
Planetary pressures-adjusted Human Development Index (value) (2016),.573
Planetary pressures-adjusted Human Development Index (value) (2017),.58
Planetary pressures-adjusted Human Development Index (value) (2018),.584
Planetary pressures-adjusted Human Development Index (value) (2019),.592
Planetary pressures-adjusted Human Development Index (value) (2020),.586
Planetary pressures-adjusted Human Development Index (value) (2021),.584
Difference from HDI value (%) (1990),.7518796992481258
Difference from HDI value (%) (1991),.7352941176470451
Difference from HDI value (%) (1992),.7211538461538436
Difference from HDI value (%) (1993),.7125890736342066
Difference from HDI value (%) (1994),.7009345794392496
Difference from HDI value (%) (1995),.6928406466512715
Difference from HDI value (%) (1996),.6787330316742057
Difference from HDI value (%) (1997),.6681514476614692
Difference from HDI value (%) (1998),.659340659340657
Difference from HDI value (%) (1999),.6507592190889366
Difference from HDI value (%) (2000),.6423982869379063
Difference from HDI value (%) (2001),.6396588486140664
Difference from HDI value (%) (2002),.8403361344537785
Difference from HDI value (%) (2003),1.037344398340245
Difference from HDI value (%) (2004),1.02249488752556
Difference from HDI value (%) (2005),1.010101010101006
Difference from HDI value (%) (2006),.990099009900991
Difference from HDI value (%) (2007),.9823182711198419
Difference from HDI value (%) (2008),1.158301158301156
Difference from HDI value (%) (2009),1.132075471698113
Difference from HDI value (%) (2010),1.289134438305706
Difference from HDI value (%) (2011),1.265822784810122
Difference from HDI value (%) (2012),1.604278074866317
Difference from HDI value (%) (2013),1.578947368421035
Difference from HDI value (%) (2014),1.736111111111116
Difference from HDI value (%) (2015),1.727115716753025
Difference from HDI value (%) (2016),2.218430034129693
Difference from HDI value (%) (2017),2.356902356902357
Difference from HDI value (%) (2018),2.828618968386021
Difference from HDI value (%) (2019),3.109656301145669
Difference from HDI value (%) (2020),2.98013245033113
Difference from HDI value (%) (2021),2.99003322259136
Carbon dioxide emissions per capita (production) (tonnes) (1990),.038160368
Carbon dioxide emissions per capita (production) (tonnes) (1991),.052887057
Carbon dioxide emissions per capita (production) (tonnes) (1992),.061835701
Carbon dioxide emissions per capita (production) (tonnes) (1993),.068194324
Carbon dioxide emissions per capita (production) (tonnes) (1994),.076964374
Carbon dioxide emissions per capita (production) (tonnes) (1995),.107012069
Carbon dioxide emissions per capita (production) (tonnes) (1996),.106508036
Carbon dioxide emissions per capita (production) (tonnes) (1997),.116941612
Carbon dioxide emissions per capita (production) (tonnes) (1998),.096422555
Carbon dioxide emissions per capita (production) (tonnes) (1999),.135733938
Carbon dioxide emissions per capita (production) (tonnes) (2000),.12686964
Carbon dioxide emissions per capita (production) (tonnes) (2001),.132915181
Carbon dioxide emissions per capita (production) (tonnes) (2002),.105008459
Carbon dioxide emissions per capita (production) (tonnes) (2003),.11205352
Carbon dioxide emissions per capita (production) (tonnes) (2004),.101591921
Carbon dioxide emissions per capita (production) (tonnes) (2005),.116017013
Carbon dioxide emissions per capita (production) (tonnes) (2006),.094239035
Carbon dioxide emissions per capita (production) (tonnes) (2007),.09742413
Carbon dioxide emissions per capita (production) (tonnes) (2008),.125692927
Carbon dioxide emissions per capita (production) (tonnes) (2009),.153603311
Carbon dioxide emissions per capita (production) (tonnes) (2010),.178590388
Carbon dioxide emissions per capita (production) (tonnes) (2011),.19305342
Carbon dioxide emissions per capita (production) (tonnes) (2012),.202685055
Carbon dioxide emissions per capita (production) (tonnes) (2013),.231000773
Carbon dioxide emissions per capita (production) (tonnes) (2014),.28214176
Carbon dioxide emissions per capita (production) (tonnes) (2015),.252329897
Carbon dioxide emissions per capita (production) (tonnes) (2016),.357988666
Carbon dioxide emissions per capita (production) (tonnes) (2017),.42151176
Carbon dioxide emissions per capita (production) (tonnes) (2018),.487262933
Carbon dioxide emissions per capita (production) (tonnes) (2019),.593053654
Carbon dioxide emissions per capita (production) (tonnes) (2020),.582002668
Carbon dioxide emissions per capita (production) (tonnes) (2021),.582002668
Material footprint per capita (tonnes) (1990),1.59
Material footprint per capita (tonnes) (1991),1.36
Material footprint per capita (tonnes) (1992),1.26
Material footprint per capita (tonnes) (1993),1.25
Material footprint per capita (tonnes) (1994),1.25
Material footprint per capita (tonnes) (1995),1.21
Material footprint per capita (tonnes) (1996),1.23
Material footprint per capita (tonnes) (1997),1.13
Material footprint per capita (tonnes) (1998),1.12
Material footprint per capita (tonnes) (1999),1.03
Material footprint per capita (tonnes) (2000),1.31
Material footprint per capita (tonnes) (2001),1.26
Material footprint per capita (tonnes) (2002),1.55
Material footprint per capita (tonnes) (2003),1.9
Material footprint per capita (tonnes) (2004),1.88
Material footprint per capita (tonnes) (2005),1.78
Material footprint per capita (tonnes) (2006),1.92
Material footprint per capita (tonnes) (2007),2.03
Material footprint per capita (tonnes) (2008),2.18
Material footprint per capita (tonnes) (2009),2.24
Material footprint per capita (tonnes) (2010),2.48
Material footprint per capita (tonnes) (2011),2.5
Material footprint per capita (tonnes) (2012),3.03
Material footprint per capita (tonnes) (2013),3.17
Material footprint per capita (tonnes) (2014),3.38
Material footprint per capita (tonnes) (2015),3.48
Material footprint per capita (tonnes) (2016),4.13
Material footprint per capita (tonnes) (2017),4.58
Material footprint per capita (tonnes) (2018),5.3
Material footprint per capita (tonnes) (2019),5.58
Material footprint per capita (tonnes) (2020),5.58
Material footprint per capita (tonnes) (2021),5.58
Survey ,MICS
Year,2019
Multidimensional Poverty Index,0.0743989
Health,23.162128
Education,33.874474
Standard of living,42.963385
Nutrition,20.91804398
Child mortality,2.244087863
Years of schooling,26.07907491
School attendance,7.795404425
Cooking fuel,12.14071958
Sanitation,4.867270862
Drinking water,1.984244351
Electricity,4.109780938
Housing,12.15553428
Assets,7.70583881